[{"model": "admin.logentry", "pk": 1, "fields": {"action_time": "2024-11-26T11:00:01.386Z", "user": 2, "content_type": 7, "object_id": "1", "object_repr": "Собака", "action_flag": 1, "change_message": "[{\"added\": {}}]"}}, {"model": "admin.logentry", "pk": 2, "fields": {"action_time": "2024-11-26T11:00:04.490Z", "user": 2, "content_type": 7, "object_id": "2", "object_repr": "Кошка", "action_flag": 1, "change_message": "[{\"added\": {}}]"}}, {"model": "admin.logentry", "pk": 3, "fields": {"action_time": "2024-11-26T11:00:09.889Z", "user": 2, "content_type": 7, "object_id": "3", "object_repr": "Кот", "action_flag": 1, "change_message": "[{\"added\": {}}]"}}, {"model": "admin.logentry", "pk": 4, "fields": {"action_time": "2024-11-26T11:00:13.719Z", "user": 2, "content_type": 7, "object_id": "4", "object_repr": "Голубь", "action_flag": 1, "change_message": "[{\"added\": {}}]"}}, {"model": "admin.logentry", "pk": 5, "fields": {"action_time": "2024-11-26T11:00:21.883Z", "user": 2, "content_type": 7, "object_id": "5", "object_repr": "Хомяк", "action_flag": 1, "change_message": "[{\"added\": {}}]"}}, {"model": "admin.logentry", "pk": 6, "fields": {"action_time": "2024-11-26T11:00:52.139Z", "user": 2, "content_type": 8, "object_id": "1", "object_repr": "Найдено животное", "action_flag": 1, "change_message": "[{\"added\": {}}]"}}, {"model": "admin.logentry", "pk": 7, "fields": {"action_time": "2024-11-26T11:00:56.576Z", "user": 2, "content_type": 8, "object_id": "2", "object_repr": "Пропало животное", "action_flag": 1, "change_message": "[{\"added\": {}}]"}}, {"model": "admin.logentry", "pk": 8, "fields": {"action_time": "2024-11-26T11:01:01.641Z", "user": 2, "content_type": 8, "object_id": "3", "object_repr": "Передержка", "action_flag": 1, "change_message": "[{\"added\": {}}]"}}, {"model": "admin.logentry", "pk": 9, "fields": {"action_time": "2024-11-26T11:01:06.006Z", "user": 2, "content_type": 8, "object_id": "4", "object_repr": "Дарение", "action_flag": 1, "change_message": "[{\"added\": {}}]"}}, {"model": "admin.logentry", "pk": 10, "fields": {"action_time": "2024-11-26T11:01:22.447Z", "user": 2, "content_type": 8, "object_id": "5", "object_repr": "Пристройство", "action_flag": 1, "change_message": "[{\"added\": {}}]"}}, {"model": "admin.logentry", "pk": 11, "fields": {"action_time": "2024-11-26T13:44:30.049Z", "user": 2, "content_type": 13, "object_id": "1", "object_repr": "ывап", "action_flag": 1, "change_message": "[{\"added\": {}}]"}}, {"model": "admin.logentry", "pk": 12, "fields": {"action_time": "2024-11-26T13:47:57.041Z", "user": 2, "content_type": 13, "object_id": "1", "object_repr": "ывап", "action_flag": 2, "change_message": "[{\"changed\": {\"fields\": [\"\\u0421\\u0441\\u044b\\u043b\\u043a\\u0430 \\u043d\\u0430 \\u043a\\u043b\\u0438\\u043d\\u0438\\u043a\\u0443\"]}}]"}}, {"model": "admin.logentry", "pk": 13, "fields": {"action_time": "2024-11-26T14:39:46.687Z", "user": 2, "content_type": 14, "object_id": "1", "object_repr": "ВЕЛЕС-Липецкая Команда Помощи Бездомным Животным", "action_flag": 1, "change_message": "[{\"added\": {}}]"}}, {"model": "admin.logentry", "pk": 14, "fields": {"action_time": "2024-11-26T14:39:58.719Z", "user": 2, "content_type": 14, "object_id": "2", "object_repr": "***ДОРОГА ДОМОЙ***", "action_flag": 1, "change_message": "[{\"added\": {}}]"}}, {"model": "admin.logentry", "pk": 15, "fields": {"action_time": "2024-11-26T14:40:40.312Z", "user": 2, "content_type": 14, "object_id": "3", "object_repr": "Фонд помощи животным «РЭЙ»", "action_flag": 1, "change_message": "[{\"added\": {}}]"}}, {"model": "admin.logentry", "pk": 16, "fields": {"action_time": "2024-11-26T14:41:33.437Z", "user": 2, "content_type": 14, "object_id": "4", "object_repr": "БУ г.Омска \"Муниципальный приют для животных\"", "action_flag": 1, "change_message": "[{\"added\": {}}]"}}, {"model": "admin.logentry", "pk": 17, "fields": {"action_time": "2024-11-26T14:42:04.083Z", "user": 2, "content_type": 14, "object_id": "5", "object_repr": "ГООЗЖ \"Преданное сердце\" - Бездомные животные", "action_flag": 1, "change_message": "[{\"added\": {}}]"}}, {"model": "admin.logentry", "pk": 18, "fields": {"action_time": "2024-11-26T14:42:43.674Z", "user": 2, "content_type": 14, "object_id": "6", "object_repr": "Помощь бездомным животным ЧЕТЫРЕ ЛАПЫ Липецк", "action_flag": 1, "change_message": "[{\"added\": {}}]"}}, {"model": "admin.logentry", "pk": 19, "fields": {"action_time": "2024-11-26T14:43:07.292Z", "user": 2, "content_type": 14, "object_id": "7", "object_repr": "Фонд \"Рука помощи бездомным животным\"", "action_flag": 1, "change_message": "[{\"added\": {}}]"}}, {"model": "admin.logentry", "pk": 20, "fields": {"action_time": "2024-11-26T14:43:27.472Z", "user": 2, "content_type": 14, "object_id": "8", "object_repr": "Фонд помощи бездомным животным \"Ника\"", "action_flag": 1, "change_message": "[{\"added\": {}}]"}}, {"model": "admin.logentry", "pk": 21, "fields": {"action_time": "2024-11-26T14:43:56.417Z", "user": 2, "content_type": 14, "object_id": "9", "object_repr": "\"Помощь бездомным собакам\" Приют для животных", "action_flag": 1, "change_message": "[{\"added\": {}}]"}}, {"model": "admin.logentry", "pk": 22, "fields": {"action_time": "2024-11-26T14:44:33.807Z", "user": 2, "content_type": 14, "object_id": "10", "object_repr": "\"Преданное сердце\" Помощь животным", "action_flag": 1, "change_message": "[{\"added\": {}}]"}}, {"model": "admin.logentry", "pk": 23, "fields": {"action_time": "2024-11-26T14:44:53.493Z", "user": 2, "content_type": 14, "object_id": "11", "object_repr": "Приют для животных Счастливый берег", "action_flag": 1, "change_message": "[{\"added\": {}}]"}}, {"model": "admin.logentry", "pk": 24, "fields": {"action_time": "2024-11-26T14:45:06.698Z", "user": 2, "content_type": 14, "object_id": "12", "object_repr": "ПРИЮТ ДЛЯ ЖИВОТНЫХ \"ТЕРРИТОРИЯ СПАСЕНИЯ\" Липецк", "action_flag": 1, "change_message": "[{\"added\": {}}]"}}, {"model": "admin.logentry", "pk": 25, "fields": {"action_time": "2024-11-26T14:45:33.286Z", "user": 2, "content_type": 14, "object_id": "13", "object_repr": "Шереметьевский Приют-помощь амстаффам и питбулям", "action_flag": 1, "change_message": "[{\"added\": {}}]"}}, {"model": "admin.logentry", "pk": 26, "fields": {"action_time": "2024-11-26T14:46:05.274Z", "user": 2, "content_type": 14, "object_id": "14", "object_repr": "Хвостатый дом - приют для животных", "action_flag": 1, "change_message": "[{\"added\": {}}]"}}, {"model": "admin.logentry", "pk": 27, "fields": {"action_time": "2024-11-26T14:46:28.416Z", "user": 2, "content_type": 14, "object_id": "15", "object_repr": "Приют для животных Наш Дом г.Челябинск", "action_flag": 1, "change_message": "[{\"added\": {}}]"}}, {"model": "admin.logentry", "pk": 28, "fields": {"action_time": "2024-11-26T14:46:48.779Z", "user": 2, "content_type": 14, "object_id": "16", "object_repr": "Приют для животных \"Надежда\" | Самара", "action_flag": 1, "change_message": "[{\"added\": {}}]"}}, {"model": "admin.logentry", "pk": 29, "fields": {"action_time": "2024-11-26T14:47:20.516Z", "user": 2, "content_type": 14, "object_id": "17", "object_repr": "Муниципальный приют для животных, город Пермь", "action_flag": 1, "change_message": "[{\"added\": {}}]"}}, {"model": "admin.logentry", "pk": 30, "fields": {"action_time": "2024-11-26T14:47:38.718Z", "user": 2, "content_type": 14, "object_id": "18", "object_repr": "Приют для животных «Верность» | Помощь животным", "action_flag": 1, "change_message": "[{\"added\": {}}]"}}, {"model": "admin.logentry", "pk": 31, "fields": {"action_time": "2024-11-26T14:48:12.579Z", "user": 2, "content_type": 14, "object_id": "19", "object_repr": "Приют «ДРУГ» для бездомных собак в СПб", "action_flag": 1, "change_message": "[{\"added\": {}}]"}}, {"model": "admin.logentry", "pk": 32, "fields": {"action_time": "2024-11-26T14:48:32.431Z", "user": 2, "content_type": 14, "object_id": "20", "object_repr": "Тверской приют для безнадзорных животных", "action_flag": 1, "change_message": "[{\"added\": {}}]"}}, {"model": "admin.logentry", "pk": 33, "fields": {"action_time": "2024-11-26T14:49:00.781Z", "user": 2, "content_type": 14, "object_id": "21", "object_repr": "Самарский приют для животных \"Твои друзья\"", "action_flag": 1, "change_message": "[{\"added\": {}}]"}}, {"model": "admin.logentry", "pk": 34, "fields": {"action_time": "2024-11-26T14:49:19.209Z", "user": 2, "content_type": 14, "object_id": "22", "object_repr": "Приют для бездомных кошек \"Новый дом\"| СПб", "action_flag": 1, "change_message": "[{\"added\": {}}]"}}, {"model": "admin.logentry", "pk": 35, "fields": {"action_time": "2024-11-26T14:49:36.591Z", "user": 2, "content_type": 14, "object_id": "23", "object_repr": "Приют для бездомных животных г. Первоуральск", "action_flag": 1, "change_message": "[{\"added\": {}}]"}}, {"model": "admin.logentry", "pk": 36, "fields": {"action_time": "2024-11-26T14:49:51.886Z", "user": 2, "content_type": 14, "object_id": "24", "object_repr": "НОБФ ПРИЮТ \"Вера-Надежда-Любовь\"", "action_flag": 1, "change_message": "[{\"added\": {}}]"}}, {"model": "admin.logentry", "pk": 37, "fields": {"action_time": "2024-11-26T19:08:56.903Z", "user": 2, "content_type": 13, "object_id": "1", "object_repr": "Аврора", "action_flag": 2, "change_message": "[{\"changed\": {\"fields\": [\"\\u041d\\u0430\\u0437\\u0432\\u0430\\u043d\\u0438\\u0435 \\u043a\\u043b\\u0438\\u043d\\u0438\\u043a\\u0438\", \"\\u041b\\u043e\\u0433\\u043e\", \"\\u0410\\u0434\\u0440\\u0435\\u0441\", \"\\u041d\\u043e\\u043c\\u0435\\u0440 \\u0442\\u0435\\u043b\\u0435\\u0444\\u043e\\u043d\\u0430\", \"\\u0421\\u0430\\u0439\\u0442\"]}}]"}}, {"model": "admin.logentry", "pk": 38, "fields": {"action_time": "2024-11-26T19:09:41.542Z", "user": 2, "content_type": 13, "object_id": "1", "object_repr": "Аврора", "action_flag": 2, "change_message": "[{\"changed\": {\"fields\": [\"\\u041b\\u043e\\u0433\\u043e\", \"\\u0421\\u0441\\u044b\\u043b\\u043a\\u0430 \\u043d\\u0430 \\u043a\\u043b\\u0438\\u043d\\u0438\\u043a\\u0443\"]}}]"}}, {"model": "admin.logentry", "pk": 39, "fields": {"action_time": "2024-11-26T19:11:25.974Z", "user": 2, "content_type": 13, "object_id": "2", "object_repr": "Ветеринарный лазарет", "action_flag": 1, "change_message": "[{\"added\": {}}]"}}, {"model": "admin.logentry", "pk": 40, "fields": {"action_time": "2024-11-26T19:13:39.537Z", "user": 2, "content_type": 13, "object_id": "3", "object_repr": "Феникс", "action_flag": 1, "change_message": "[{\"added\": {}}]"}}, {"model": "admin.logentry", "pk": 41, "fields": {"action_time": "2024-11-26T19:16:44.418Z", "user": 2, "content_type": 13, "object_id": "4", "object_repr": "Ветеринарный центр ВетКа", "action_flag": 1, "change_message": "[{\"added\": {}}]"}}, {"model": "admin.logentry", "pk": 42, "fields": {"action_time": "2024-11-26T19:18:39.459Z", "user": 2, "content_type": 13, "object_id": "5", "object_repr": "Стаханова-Вет", "action_flag": 1, "change_message": "[{\"added\": {}}]"}}, {"model": "admin.logentry", "pk": 43, "fields": {"action_time": "2024-11-26T19:21:09.098Z", "user": 2, "content_type": 13, "object_id": "6", "object_repr": "Верный друг", "action_flag": 1, "change_message": "[{\"added\": {}}]"}}, {"model": "admin.logentry", "pk": 44, "fields": {"action_time": "2024-11-26T19:22:46.548Z", "user": 2, "content_type": 13, "object_id": "7", "object_repr": "Левобережная участковая ветеринарная лечебница", "action_flag": 1, "change_message": "[{\"added\": {}}]"}}, {"model": "admin.logentry", "pk": 45, "fields": {"action_time": "2024-11-26T19:24:22.872Z", "user": 2, "content_type": 13, "object_id": "8", "object_repr": "Правобережная участковая ветеринарная лечебница", "action_flag": 1, "change_message": "[{\"added\": {}}]"}}, {"model": "admin.logentry", "pk": 46, "fields": {"action_time": "2024-11-26T19:25:51.482Z", "user": 2, "content_type": 13, "object_id": "9", "object_repr": "Чеширский Кот", "action_flag": 1, "change_message": "[{\"added\": {}}]"}}, {"model": "admin.logentry", "pk": 47, "fields": {"action_time": "2024-11-26T19:27:18.004Z", "user": 2, "content_type": 13, "object_id": "10", "object_repr": "Абсолют", "action_flag": 1, "change_message": "[{\"added\": {}}]"}}, {"model": "admin.logentry", "pk": 48, "fields": {"action_time": "2024-11-26T19:28:55.503Z", "user": 2, "content_type": 13, "object_id": "11", "object_repr": "Айболит", "action_flag": 1, "change_message": "[{\"added\": {}}]"}}, {"model": "admin.logentry", "pk": 49, "fields": {"action_time": "2024-11-26T19:30:23.984Z", "user": 2, "content_type": 13, "object_id": "12", "object_repr": "Питомец", "action_flag": 1, "change_message": "[{\"added\": {}}]"}}, {"model": "admin.logentry", "pk": 50, "fields": {"action_time": "2024-11-26T19:32:25.694Z", "user": 2, "content_type": 13, "object_id": "13", "object_repr": "Станция по борьбе с болезнями животных", "action_flag": 1, "change_message": "[{\"added\": {}}]"}}, {"model": "admin.logentry", "pk": 51, "fields": {"action_time": "2024-11-26T19:33:28.747Z", "user": 2, "content_type": 13, "object_id": "14", "object_repr": "Ветеринарная аптека", "action_flag": 1, "change_message": "[{\"added\": {}}]"}}, {"model": "admin.logentry", "pk": 52, "fields": {"action_time": "2024-11-26T19:34:46.450Z", "user": 2, "content_type": 13, "object_id": "15", "object_repr": "Липецкая городская станция по борьбе с болезнями животных", "action_flag": 1, "change_message": "[{\"added\": {}}]"}}, {"model": "admin.logentry", "pk": 53, "fields": {"action_time": "2024-11-26T19:35:52.829Z", "user": 2, "content_type": 13, "object_id": "16", "object_repr": "Агроветсервис", "action_flag": 1, "change_message": "[{\"added\": {}}]"}}, {"model": "admin.logentry", "pk": 54, "fields": {"action_time": "2024-11-26T19:37:08.795Z", "user": 2, "content_type": 13, "object_id": "17", "object_repr": "Ветеринарная клиника доктора Волкова", "action_flag": 1, "change_message": "[{\"added\": {}}]"}}, {"model": "admin.logentry", "pk": 55, "fields": {"action_time": "2024-11-26T19:38:14.478Z", "user": 2, "content_type": 13, "object_id": "18", "object_repr": "ТД Агрофарм", "action_flag": 1, "change_message": "[{\"added\": {}}]"}}, {"model": "admin.logentry", "pk": 56, "fields": {"action_time": "2024-11-26T19:39:56.588Z", "user": 2, "content_type": 13, "object_id": "19", "object_repr": "Лапка", "action_flag": 1, "change_message": "[{\"added\": {}}]"}}, {"model": "admin.logentry", "pk": 57, "fields": {"action_time": "2024-11-26T19:40:55.030Z", "user": 2, "content_type": 13, "object_id": "20", "object_repr": "Зооветцентр", "action_flag": 1, "change_message": "[{\"added\": {}}]"}}, {"model": "admin.logentry", "pk": 58, "fields": {"action_time": "2024-11-26T19:42:23.700Z", "user": 2, "content_type": 13, "object_id": "21", "object_repr": "Такса", "action_flag": 1, "change_message": "[{\"added\": {}}]"}}, {"model": "admin.logentry", "pk": 59, "fields": {"action_time": "2024-11-26T19:46:46.490Z", "user": 2, "content_type": 13, "object_id": "22", "object_repr": "Альтаир", "action_flag": 1, "change_message": "[{\"added\": {}}]"}}, {"model": "auth.permission", "pk": 1, "fields": {"name": "Can add log entry", "content_type": 1, "codename": "add_logentry"}}, {"model": "auth.permission", "pk": 2, "fields": {"name": "Can change log entry", "content_type": 1, "codename": "change_logentry"}}, {"model": "auth.permission", "pk": 3, "fields": {"name": "Can delete log entry", "content_type": 1, "codename": "delete_logentry"}}, {"model": "auth.permission", "pk": 4, "fields": {"name": "Can view log entry", "content_type": 1, "codename": "view_logentry"}}, {"model": "auth.permission", "pk": 5, "fields": {"name": "Can add permission", "content_type": 2, "codename": "add_permission"}}, {"model": "auth.permission", "pk": 6, "fields": {"name": "Can change permission", "content_type": 2, "codename": "change_permission"}}, {"model": "auth.permission", "pk": 7, "fields": {"name": "Can delete permission", "content_type": 2, "codename": "delete_permission"}}, {"model": "auth.permission", "pk": 8, "fields": {"name": "Can view permission", "content_type": 2, "codename": "view_permission"}}, {"model": "auth.permission", "pk": 9, "fields": {"name": "Can add group", "content_type": 3, "codename": "add_group"}}, {"model": "auth.permission", "pk": 10, "fields": {"name": "Can change group", "content_type": 3, "codename": "change_group"}}, {"model": "auth.permission", "pk": 11, "fields": {"name": "Can delete group", "content_type": 3, "codename": "delete_group"}}, {"model": "auth.permission", "pk": 12, "fields": {"name": "Can view group", "content_type": 3, "codename": "view_group"}}, {"model": "auth.permission", "pk": 13, "fields": {"name": "Can add content type", "content_type": 4, "codename": "add_contenttype"}}, {"model": "auth.permission", "pk": 14, "fields": {"name": "Can change content type", "content_type": 4, "codename": "change_contenttype"}}, {"model": "auth.permission", "pk": 15, "fields": {"name": "Can delete content type", "content_type": 4, "codename": "delete_contenttype"}}, {"model": "auth.permission", "pk": 16, "fields": {"name": "Can view content type", "content_type": 4, "codename": "view_contenttype"}}, {"model": "auth.permission", "pk": 17, "fields": {"name": "Can add session", "content_type": 5, "codename": "add_session"}}, {"model": "auth.permission", "pk": 18, "fields": {"name": "Can change session", "content_type": 5, "codename": "change_session"}}, {"model": "auth.permission", "pk": 19, "fields": {"name": "Can delete session", "content_type": 5, "codename": "delete_session"}}, {"model": "auth.permission", "pk": 20, "fields": {"name": "Can view session", "content_type": 5, "codename": "view_session"}}, {"model": "auth.permission", "pk": 21, "fields": {"name": "Can add Объявление", "content_type": 6, "codename": "add_animal"}}, {"model": "auth.permission", "pk": 22, "fields": {"name": "Can change Объявление", "content_type": 6, "codename": "change_animal"}}, {"model": "auth.permission", "pk": 23, "fields": {"name": "Can delete Объявление", "content_type": 6, "codename": "delete_animal"}}, {"model": "auth.permission", "pk": 24, "fields": {"name": "Can view Объявление", "content_type": 6, "codename": "view_animal"}}, {"model": "auth.permission", "pk": 25, "fields": {"name": "Can add Вид", "content_type": 7, "codename": "add_kind"}}, {"model": "auth.permission", "pk": 26, "fields": {"name": "Can change Вид", "content_type": 7, "codename": "change_kind"}}, {"model": "auth.permission", "pk": 27, "fields": {"name": "Can delete Вид", "content_type": 7, "codename": "delete_kind"}}, {"model": "auth.permission", "pk": 28, "fields": {"name": "Can view Вид", "content_type": 7, "codename": "view_kind"}}, {"model": "auth.permission", "pk": 29, "fields": {"name": "Can add Цель", "content_type": 8, "codename": "add_target"}}, {"model": "auth.permission", "pk": 30, "fields": {"name": "Can change Цель", "content_type": 8, "codename": "change_target"}}, {"model": "auth.permission", "pk": 31, "fields": {"name": "Can delete Цель", "content_type": 8, "codename": "delete_target"}}, {"model": "auth.permission", "pk": 32, "fields": {"name": "Can view Цель", "content_type": 8, "codename": "view_target"}}, {"model": "auth.permission", "pk": 33, "fields": {"name": "Can add Файл с фотографией", "content_type": 9, "codename": "add_postimage"}}, {"model": "auth.permission", "pk": 34, "fields": {"name": "Can change Файл с фотографией", "content_type": 9, "codename": "change_postimage"}}, {"model": "auth.permission", "pk": 35, "fields": {"name": "Can delete Файл с фотографией", "content_type": 9, "codename": "delete_postimage"}}, {"model": "auth.permission", "pk": 36, "fields": {"name": "Can view Файл с фотографией", "content_type": 9, "codename": "view_postimage"}}, {"model": "auth.permission", "pk": 37, "fields": {"name": "Can add Комментарий", "content_type": 10, "codename": "add_comment"}}, {"model": "auth.permission", "pk": 38, "fields": {"name": "Can change Комментарий", "content_type": 10, "codename": "change_comment"}}, {"model": "auth.permission", "pk": 39, "fields": {"name": "Can delete Комментарий", "content_type": 10, "codename": "delete_comment"}}, {"model": "auth.permission", "pk": 40, "fields": {"name": "Can view Комментарий", "content_type": 10, "codename": "view_comment"}}, {"model": "auth.permission", "pk": 41, "fields": {"name": "Can add Пользователь", "content_type": 11, "codename": "add_user"}}, {"model": "auth.permission", "pk": 42, "fields": {"name": "Can change Пользователь", "content_type": 11, "codename": "change_user"}}, {"model": "auth.permission", "pk": 43, "fields": {"name": "Can delete Пользователь", "content_type": 11, "codename": "delete_user"}}, {"model": "auth.permission", "pk": 44, "fields": {"name": "Can view Пользователь", "content_type": 11, "codename": "view_user"}}, {"model": "auth.permission", "pk": 45, "fields": {"name": "Can add Закладка", "content_type": 12, "codename": "add_substack"}}, {"model": "auth.permission", "pk": 46, "fields": {"name": "Can change Закладка", "content_type": 12, "codename": "change_substack"}}, {"model": "auth.permission", "pk": 47, "fields": {"name": "Can delete Закладка", "content_type": 12, "codename": "delete_substack"}}, {"model": "auth.permission", "pk": 48, "fields": {"name": "Can view Закладка", "content_type": 12, "codename": "view_substack"}}, {"model": "auth.permission", "pk": 49, "fields": {"name": "Can add Клиника", "content_type": 13, "codename": "add_clinic"}}, {"model": "auth.permission", "pk": 50, "fields": {"name": "Can change Клиника", "content_type": 13, "codename": "change_clinic"}}, {"model": "auth.permission", "pk": 51, "fields": {"name": "Can delete Клиника", "content_type": 13, "codename": "delete_clinic"}}, {"model": "auth.permission", "pk": 52, "fields": {"name": "Can view Клиника", "content_type": 13, "codename": "view_clinic"}}, {"model": "auth.permission", "pk": 53, "fields": {"name": "Can add Группа", "content_type": 14, "codename": "add_group"}}, {"model": "auth.permission", "pk": 54, "fields": {"name": "Can change Группа", "content_type": 14, "codename": "change_group"}}, {"model": "auth.permission", "pk": 55, "fields": {"name": "Can delete Группа", "content_type": 14, "codename": "delete_group"}}, {"model": "auth.permission", "pk": 56, "fields": {"name": "Can view Группа", "content_type": 14, "codename": "view_group"}}, {"model": "contenttypes.contenttype", "pk": 1, "fields": {"app_label": "admin", "model": "logentry"}}, {"model": "contenttypes.contenttype", "pk": 2, "fields": {"app_label": "auth", "model": "permission"}}, {"model": "contenttypes.contenttype", "pk": 3, "fields": {"app_label": "auth", "model": "group"}}, {"model": "contenttypes.contenttype", "pk": 4, "fields": {"app_label": "contenttypes", "model": "contenttype"}}, {"model": "contenttypes.contenttype", "pk": 5, "fields": {"app_label": "sessions", "model": "session"}}, {"model": "contenttypes.contenttype", "pk": 6, "fields": {"app_label": "animals_app", "model": "animal"}}, {"model": "contenttypes.contenttype", "pk": 7, "fields": {"app_label": "animals_app", "model": "kind"}}, {"model": "contenttypes.contenttype", "pk": 8, "fields": {"app_label": "animals_app", "model": "target"}}, {"model": "contenttypes.contenttype", "pk": 9, "fields": {"app_label": "animals_app", "model": "postimage"}}, {"model": "contenttypes.contenttype", "pk": 10, "fields": {"app_label": "comments_app", "model": "comment"}}, {"model": "contenttypes.contenttype", "pk": 11, "fields": {"app_label": "users", "model": "user"}}, {"model": "contenttypes.contenttype", "pk": 12, "fields": {"app_label": "substack_app", "model": "substack"}}, {"model": "contenttypes.contenttype", "pk": 13, "fields": {"app_label": "clinics_app", "model": "clinic"}}, {"model": "contenttypes.contenttype", "pk": 14, "fields": {"app_label": "groups_app", "model": "group"}}, {"model": "sessions.session", "pk": "0b27dul5dxs159kw72fsfyno8b8fer4x", "fields": {"session_data": ".eJxVjM0OwiAQhN-FsyHI34JH7z4DgWWRqqFJaU_Gd5cmPegkc5lvZt4sxG2tYeu0hCmzC5Ps9JuliE9qO8iP2O4zx7mty5T4XuEH7fw2Z3pdj-7fQY29jrUoGsDFYWlAQVEFilZgkIx3wgqFSNL6lK3U4ItRDjSid-SGzrqwzxe44zbJ:1tFxgr:pIxMytDb5NkfTzDj5lipktTU0a1z2jlBTNbwZWnCWGE", "expire_date": "2024-12-10T15:41:25.014Z"}}, {"model": "animals_app.target", "pk": 1, "fields": {"name": "Найдено животное"}}, {"model": "animals_app.target", "pk": 2, "fields": {"name": "Пропало животное"}}, {"model": "animals_app.target", "pk": 3, "fields": {"name": "Передержка"}}, {"model": "animals_app.target", "pk": 4, "fields": {"name": "Дарение"}}, {"model": "animals_app.target", "pk": 5, "fields": {"name": "Пристройство"}}, {"model": "animals_app.kind", "pk": 1, "fields": {"name": "Собака"}}, {"model": "animals_app.kind", "pk": 2, "fields": {"name": "Кошка"}}, {"model": "animals_app.kind", "pk": 3, "fields": {"name": "Кот"}}, {"model": "animals_app.kind", "pk": 4, "fields": {"name": "Голубь"}}, {"model": "animals_app.kind", "pk": 5, "fields": {"name": "Хомяк"}}, {"model": "animals_app.animal", "pk": 6, "fields": {"nickname": "-", "description": "Прибилась к автосервису такая красота.\r\nНедалеко от ТЦ Ривьера.\r\n\r\nРазговорчивая и даже лапку даёт)))\r\n\r\n89800862554", "signs": "Серая", "city": "Липецк", "phone_number": "89800862554", "contact_people": "Наталья", "submit": 2, "create_at": "2024-11-26T15:36:03.963Z", "is_verified": true, "target": [1], "kind": [2]}}, {"model": "animals_app.animal", "pk": 7, "fields": {"nickname": "-", "description": "Найден молодой котик, возле дома 43, улица Гагарина. По всем признакам был домашним. Забрали на передержку", "signs": "-", "city": "Липецк", "phone_number": "79202402054", "contact_people": "Татьяна Майская", "submit": 2, "create_at": "2024-11-26T19:50:32.207Z", "is_verified": false, "target": [1], "kind": [3]}}, {"model": "animals_app.animal", "pk": 8, "fields": {"nickname": "Соня", "description": "Пропала кошка, зовут Соня,с Подгорное ,Титова , вознаграждение", "signs": "Окрас как у тигрицы", "city": "с. Подгорное", "phone_number": "89525984005", "contact_people": "Алексей", "submit": 2, "create_at": "2024-11-26T19:52:19.658Z", "is_verified": false, "target": [2], "kind": [2]}}, {"model": "animals_app.animal", "pk": 9, "fields": {"nickname": "Бусик", "description": "Пропал кот, кличка Бусик. Возраст примерно 7 месяцев. Имеется бельмо на глазах, видит, но иногда слабо. Потерялся в районе с. Подгорное. Нашедшему просьба сообщить в сообщения или в комментарии, вознаграждение", "signs": "Бельмо на глазах", "city": "Липецкая область, с. Подгорное", "phone_number": "89102569394", "contact_people": "Олег", "submit": 2, "create_at": "2024-11-26T19:58:42.382Z", "is_verified": false, "target": [2], "kind": [3]}}, {"model": "animals_app.animal", "pk": 12, "fields": {"nickname": "Не знаю", "description": "Здравствуйте! 25 ноября в Кузьминских отвержках найден лабрадор, мальчик, молодой, худой, без ошейника и его признаков. По словам жителей бегает давно. Ищем хозяина. Находится сейчас в с б. Кузьминка.", "signs": "-", "city": "Липецкая область, б. Кузьминка", "phone_number": "89508082866", "contact_people": "Анжелика", "submit": 2, "create_at": "2024-11-26T20:05:29.408Z", "is_verified": false, "target": [1], "kind": [1]}}, {"model": "animals_app.animal", "pk": 13, "fields": {"nickname": "-", "description": "❗Срочно❗ Коту очень нужен дом с любящим и ответственным хозяином.\r\nКастрирован. Приучен к когтеточке и лотку. Не метил и не метит. Фото не передаёт всей его красоты.\r\nТолько домашнее содержание, без самовыгула. С отслеживанием судьбы.", "signs": "Кастрирован, приучен к когтеточке и лотку", "city": "Липецк", "phone_number": "921432544637", "contact_people": "Юлия", "submit": 2, "create_at": "2024-11-26T20:07:36.239Z", "is_verified": false, "target": [5], "kind": [3]}}, {"model": "animals_app.animal", "pk": 14, "fields": {"nickname": "Саби", "description": "Ищем любящих хозяев для Саби! 🙏❤\r\nНашли её на улице больше месяца назад, показали ветеринару, девочка здорова, сейчас ей около 3,5 месяцев, прививки поставили.\r\nЗа то время, что она живёт у нас, можем сказать, что девочка очень ласковая, умненькая, для щенка довольно спокойная. В туалет ходит на пелёночку. С нашими кошками и собакой отлично ладит.\r\nЛюбит всякие-разные игрушки, погрызушки, поиграть с человеком или с другой собакой тоже не откажется.", "signs": "-", "city": "Липецк", "phone_number": "89046841441", "contact_people": "Марина, есть ватсап", "submit": 2, "create_at": "2024-11-26T20:10:24.540Z", "is_verified": false, "target": [5], "kind": [1]}}, {"model": "animals_app.animal", "pk": 16, "fields": {"nickname": "Пока не придумали", "description": "На улице Жуковского( район Лтз, Тракторный) найден кот. Видно что домашний, чистый, упитанный и очень испуганный. Хозяин найдись", "signs": "Черно-белый", "city": "Липецк", "phone_number": "89202409865", "contact_people": "Татьяна", "submit": 2, "create_at": "2024-11-26T20:14:04.944Z", "is_verified": false, "target": [1], "kind": [3]}}, {"model": "animals_app.animal", "pk": 17, "fields": {"nickname": "Белочка", "description": "Белочка - любовь с первого Мур-мур.\r\nНа нее невозможно смотреть без улыбки. Она вызывает умиление и восторг. Но это на первый взгляд, а на второй взгляд все оказывается еще лучше! Эта мягонькая булочка обладает еще и «сдобным» характером: ласкуша и мурлыка. Есть в этой булочке и изюминка – если что-то не нравится, она недвусмысленно об этом сообщит. Она здорова, хорошего воспитания (лоток без промахов), в еде не привередлива. Приезжайте забирать! Белочка вас очарует🥰🥰🥰", "signs": "Носик с бусинку", "city": "Липецк", "phone_number": "89102552136", "contact_people": "Куратор Ольга", "submit": 2, "create_at": "2024-11-26T20:22:34.567Z", "is_verified": false, "target": [5], "kind": [2]}}, {"model": "animals_app.animal", "pk": 18, "fields": {"nickname": "Вилена", "description": "Плюшевая кошечка Вилена -это дополнение к вашему уюту💓💓💓\r\n Домашняя утварь будет под её чутким контролем.\r\nЛюбит спать. Любит играть -игрушки сама найдет. Любит принимать участие в домашних делах.\r\nВозраст год.\r\n Стерелизована, есть прививки и вет паспорт.\r\nМамуля , найдись для этой милой крошки\r\n🙏🙏🙏🙏🙏🙏", "signs": "Глазки милые", "city": "Липецк", "phone_number": "89102552136", "contact_people": "Ольга", "submit": 2, "create_at": "2024-11-26T20:24:18.912Z", "is_verified": false, "target": [5], "kind": [2]}}, {"model": "animals_app.postimage", "pk": 10, "fields": {"animal": 6, "images": "animals/2rNmgOx3Lc4_mKIiApt.jpg"}}, {"model": "animals_app.postimage", "pk": 11, "fields": {"animal": 6, "images": "animals/default_img_07ZRk4p.jpg"}}, {"model": "animals_app.postimage", "pk": 12, "fields": {"animal": 7, "images": "animals/XW0xZRqki96fsmsDY0Co5BrcGKKx95sRstILot9r2L0oiGH2VT3pWyvphVI8iHc_sFxEV8SFGwn54WDeVM44TK1e.jpg"}}, {"model": "animals_app.postimage", "pk": 13, "fields": {"animal": 8, "images": "animals/iucEF8qsVIw.jpg"}}, {"model": "animals_app.postimage", "pk": 14, "fields": {"animal": 9, "images": "animals/TANOwN-9qMOYyko9qJxtYCEup2kSsdYUjpGBHIb4xqTWTpeafeC2M3XDKVs3-6SQkPKQRCgBd9Pn4PaZ-TujCY_K.jpg"}}, {"model": "animals_app.postimage", "pk": 15, "fields": {"animal": 9, "images": "animals/yty9dk69dmoSDDM_ykgez0UHkMribEEfzmlgpEPGn2A22VjZzzGuREKaVUownJ6eQuLhoQQEh9qrKGjsAe2w9ZCs.jpg"}}, {"model": "animals_app.postimage", "pk": 19, "fields": {"animal": 6, "images": "animals/ewxAyyG7CyA_7kphx0p.jpg"}}, {"model": "animals_app.postimage", "pk": 20, "fields": {"animal": 6, "images": "animals/IO8kR4quP_s_cg97IDm.jpg"}}, {"model": "animals_app.postimage", "pk": 24, "fields": {"animal": 12, "images": "animals/l8ahE4oa7fQ_xn1VKOm.jpg"}}, {"model": "animals_app.postimage", "pk": 25, "fields": {"animal": 12, "images": "animals/WISO6_2B0ds_q3AuigY.jpg"}}, {"model": "animals_app.postimage", "pk": 26, "fields": {"animal": 13, "images": "animals/IFFoRtueSoCt6ovimm_29bDzhYgy58STD6UUtxCQystv_9ByEiak1lTbFKhahwHLqr-IIVmH6Lr5Z9MpZZeLAFOq.jpg"}}, {"model": "animals_app.postimage", "pk": 27, "fields": {"animal": 13, "images": "animals/ZgJz7BJsE_P92HYwR68i0vS1LQQLJNsm_X2Ie3a9psk6PCe3899KfBUNIhx3fd4pWhZMcyaW0YXmSKZ3s8A2ikDU.jpg"}}, {"model": "animals_app.postimage", "pk": 28, "fields": {"animal": 14, "images": "animals/_bXNRVwA8Ho.jpg"}}, {"model": "animals_app.postimage", "pk": 29, "fields": {"animal": 14, "images": "animals/26U0mA5kT0s.jpg"}}, {"model": "animals_app.postimage", "pk": 30, "fields": {"animal": 14, "images": "animals/g7X0XdLj2AI.jpg"}}, {"model": "animals_app.postimage", "pk": 33, "fields": {"animal": 16, "images": "animals/J7EWPA02ZyL06Ot0NurpZ6W4GZdtXTCOmAPKOr4cvXWCbHAggRkYT3RPlBNrG561sZtG4eSQyRt1rv3d_vSOwyfY.jpg"}}, {"model": "animals_app.postimage", "pk": 34, "fields": {"animal": 17, "images": "animals/H2DTsNatcbVpoH-o6QI_PGixHVg4jwrX06wat-9iV38uV76qpMl_0c9Fd5rqwklk_1OSVod15VaRdx2rxDmsAICD.jpg"}}, {"model": "animals_app.postimage", "pk": 35, "fields": {"animal": 18, "images": "animals/_Xh7n0-W5jdyrxK1ql6PyXEp_PxWRDqDVxYFLzhf77Af3TT5FMr-1PluTwHJ47u67G5ZomfeKPpE6keLVj2ldjE7.jpg"}}, {"model": "animals_app.postimage", "pk": 36, "fields": {"animal": 18, "images": "animals/V6WbuvBqYRjtmUKhPghfdT-WaMUuaiP-V_uh-SMWL0arygcJCQc84oFxFy7mCwSVEZ806fdPOpI-P9cNtWI2TEEV.jpg"}}, {"model": "users.user", "pk": 1, "fields": {"password": "pbkdf2_sha256$870000$HACS0hulkX9ayC9QplCAeW$dGuYtvCxeIRe8AGS2WEWKrRC3OSpdEB4t/lHcQMZFcs=", "last_login": "2024-11-26T10:34:13.755Z", "is_superuser": false, "username": "admin", "first_name": "Леша", "last_name": "Торшин", "email": "alekseytorshin@gmail.com", "is_staff": false, "is_active": true, "date_joined": "2024-11-26T10:34:12.917Z", "phone_number": "+79046899495", "father_name": null, "image": "", "groups": [], "user_permissions": []}}, {"model": "users.user", "pk": 2, "fields": {"password": "pbkdf2_sha256$870000$vw8rMgLg9ZB0UB7f1OdORE$69UUXeCKd/WV6Wb1J3xPOIJ/hC2XTDH1VDgMixKv7Jo=", "last_login": "2024-11-26T15:41:24.984Z", "is_superuser": true, "username": "admin_lesha", "first_name": "Алексей (админ)", "last_name": "", "email": "aleksey@gmail.com", "is_staff": true, "is_active": true, "date_joined": "2024-11-26T10:36:10.477Z", "phone_number": "+79046899695", "father_name": null, "image": "", "groups": [], "user_permissions": []}}, {"model": "users.user", "pk": 3, "fields": {"password": "pbkdf2_sha256$870000$Og2jjcVgsddbxcn2pv0PXK$vEilLNFuc8lp3kxyuyzljjcCJo1DeltzgjyK69pRXno=", "last_login": "2024-11-26T11:49:47.179Z", "is_superuser": false, "username": "Torsh_ft25", "first_name": "", "last_name": "", "email": "scull.toku@mail.ru", "is_staff": false, "is_active": true, "date_joined": "2024-11-26T11:49:45.898Z", "phone_number": "+78046899695", "father_name": null, "image": "", "groups": [], "user_permissions": []}}, {"model": "clinics_app.clinic", "pk": 1, "fields": {"name_clinic": "Аврора", "logo": "logos/logo_SaYji6i_NvtMZ9v_E13WalK.png", "city": "Липецк", "adress": "ул. Гагарина, 129, Район Советский округ, этаж 1", "map_link": "<div style=\"position:relative;overflow:hidden;\"><a href=\"https://yandex.ru/maps/org/avrora/1049766985/?utm_medium=mapframe&utm_source=maps\" style=\"color:#eee;font-size:12px;position:absolute;top:0px;\">Аврора</a><a href=\"https://yandex.ru/maps/9/lipetsk/category/veterinary_clinic/184107216/?utm_medium=mapframe&utm_source=maps\" style=\"color:#eee;font-size:12px;position:absolute;top:14px;\">Ветеринарная клиника в Липецке</a><a href=\"https://yandex.ru/maps/9/lipetsk/category/veterinary_laboratory/13885210461/?utm_medium=mapframe&utm_source=maps\" style=\"color:#eee;font-size:12px;position:absolute;top:28px;\">Ветеринарная лаборатория в Липецке</a><iframe src=\"https://yandex.ru/map-widget/v1/?ll=39.559906%2C52.622134&mode=search&oid=1049766985&ol=biz&source=serp_navig&z=18.66\" width=\"500\" height=\"460\" frameborder=\"1\" allowfullscreen=\"true\" style=\"position:relative;\"></iframe></div>", "phone_number": "+7 (4742) 28-68-55", "cite": "http://www.avroravet.ru"}}, {"model": "clinics_app.clinic", "pk": 2, "fields": {"name_clinic": "Ветеринарный лазарет", "logo": "logos/logo_vet_klinika_0KK5gVP_WByNoHS.jpg", "city": "Липецк", "adress": "Московская ул., 57А", "map_link": "<div style=\"position:relative;overflow:hidden;\"><a href=\"https://yandex.ru/maps/org/veterinarny_lazaret/98363077192/?utm_medium=mapframe&utm_source=maps\" style=\"color:#eee;font-size:12px;position:absolute;top:0px;\">Ветеринарный лазарет</a><a href=\"https://yandex.ru/maps/9/lipetsk/category/veterinary_clinic/184107216/?utm_medium=mapframe&utm_source=maps\" style=\"color:#eee;font-size:12px;position:absolute;top:14px;\">Ветеринарная клиника в Липецке</a><a href=\"https://yandex.ru/maps/9/lipetsk/category/veterinary_pharmacy/184107214/?utm_medium=mapframe&utm_source=maps\" style=\"color:#eee;font-size:12px;position:absolute;top:28px;\">Ветеринарная аптека в Липецке</a><iframe src=\"https://yandex.ru/map-widget/v1/?ll=39.534607%2C52.611156&mode=search&oid=98363077192&ol=biz&source=serp_navig&z=18.66\" width=\"500\" height=\"460\" frameborder=\"1\" allowfullscreen=\"true\" style=\"position:relative;\"></iframe></div>", "phone_number": "+7 (4742) 71-84-22", "cite": "https://vet-lazaret.ru/"}}, {"model": "clinics_app.clinic", "pk": 3, "fields": {"name_clinic": "Феникс", "logo": "logos/logo_uFoepzG_0e82l6H.png", "city": "Липецк", "adress": "просп. Победы, 134, офис 17", "map_link": "<div style=\"position:relative;overflow:hidden;\"><a href=\"https://yandex.ru/maps/org/feniks/1587533829/?utm_medium=mapframe&utm_source=maps\" style=\"color:#eee;font-size:12px;position:absolute;top:0px;\">Феникс</a><a href=\"https://yandex.ru/maps/9/lipetsk/category/veterinary_clinic/184107216/?utm_medium=mapframe&utm_source=maps\" style=\"color:#eee;font-size:12px;position:absolute;top:14px;\">Ветеринарная клиника в Липецке</a><a href=\"https://yandex.ru/maps/9/lipetsk/category/veterinary_pharmacy/184107214/?utm_medium=mapframe&utm_source=maps\" style=\"color:#eee;font-size:12px;position:absolute;top:28px;\">Ветеринарная аптека в Липецке</a><iframe src=\"https://yandex.ru/map-widget/v1/?ll=39.534586%2C52.580376&mode=search&oid=1587533829&ol=biz&source=serp_navig&z=19.66\" width=\"500\" height=\"460\" frameborder=\"1\" allowfullscreen=\"true\" style=\"position:relative;\"></iframe></div>", "phone_number": "+7 (4742) 71-84-81", "cite": "http://feniks-48.ru/"}}, {"model": "clinics_app.clinic", "pk": 4, "fields": {"name_clinic": "Ветеринарный центр ВетКа", "logo": "logos/logo_vetka_Fr0PlUP_Zm43IF1.jpg", "city": "Липецк", "adress": "ул. имени Семашко, 5А, район Правобережный округ", "map_link": "<div style=\"position:relative;overflow:hidden;\"><a href=\"https://yandex.ru/maps/org/veterinarny_tsentr_vetka/88997179596/?utm_medium=mapframe&utm_source=maps\" style=\"color:#eee;font-size:12px;position:absolute;top:0px;\">Ветеринарный центр ВетКа</a><a href=\"https://yandex.ru/maps/9/lipetsk/category/veterinary_clinic/184107216/?utm_medium=mapframe&utm_source=maps\" style=\"color:#eee;font-size:12px;position:absolute;top:14px;\">Ветеринарная клиника в Липецке</a><a href=\"https://yandex.ru/maps/9/lipetsk/category/veterinary_laboratory/13885210461/?utm_medium=mapframe&utm_source=maps\" style=\"color:#eee;font-size:12px;position:absolute;top:28px;\">Ветеринарная лаборатория в Липецке</a><iframe src=\"https://yandex.ru/map-widget/v1/?ll=39.594869%2C52.614113&mode=search&oid=88997179596&ol=biz&source=serp_navig&z=17.66\" width=\"500\" height=\"460\" frameborder=\"1\" allowfullscreen=\"true\" style=\"position:relative;\"></iframe></div>", "phone_number": "+7 (910) 251-17-34", "cite": "https://vetka-vet.ru/?utm_source=yandex_maps"}}, {"model": "clinics_app.clinic", "pk": 5, "fields": {"name_clinic": "Стаханова-Вет", "logo": "logos/logo_stahanova-vet_sq0JsmQ_pV458Sm.jpg", "city": "Липецк", "adress": "ул. А.Г. Стаханова, 56, Район Октябрьский округ, этаж 1", "map_link": "<div style=\"position:relative;overflow:hidden;\"><a href=\"https://yandex.ru/maps/org/stakhanova_vet/206737232267/?utm_medium=mapframe&utm_source=maps\" style=\"color:#eee;font-size:12px;position:absolute;top:0px;\">Стаханова-Вет</a><a href=\"https://yandex.ru/maps/9/lipetsk/category/veterinary_clinic/184107216/?utm_medium=mapframe&utm_source=maps\" style=\"color:#eee;font-size:12px;position:absolute;top:14px;\">Ветеринарная клиника в Липецке</a><a href=\"https://yandex.ru/maps/9/lipetsk/category/veterinary_pharmacy/184107214/?utm_medium=mapframe&utm_source=maps\" style=\"color:#eee;font-size:12px;position:absolute;top:28px;\">Ветеринарная аптека в Липецке</a><iframe src=\"https://yandex.ru/map-widget/v1/?ll=39.510452%2C52.575762&mode=search&oid=206737232267&ol=biz&source=serp_navig&z=19.04\" width=\"500\" height=\"460\" frameborder=\"1\" allowfullscreen=\"true\" style=\"position:relative;\"></iframe></div>", "phone_number": "+7 (910) 251-19-28", "cite": "https://vk.link/stahanova_vet"}}, {"model": "clinics_app.clinic", "pk": 6, "fields": {"name_clinic": "Верный друг", "logo": "logos/logo_verny_drug_mut3GoJ_LtuY3ml.jpg", "city": "Липецк", "adress": "Советская ул., 75, этаж 1", "map_link": "<div style=\"position:relative;overflow:hidden;\"><a href=\"https://yandex.ru/maps/org/verny_drug/243421330618/?utm_medium=mapframe&utm_source=maps\" style=\"color:#eee;font-size:12px;position:absolute;top:0px;\">Верный друг</a><a href=\"https://yandex.ru/maps/9/lipetsk/category/veterinary_clinic/184107216/?utm_medium=mapframe&utm_source=maps\" style=\"color:#eee;font-size:12px;position:absolute;top:14px;\">Ветеринарная клиника в Липецке</a><a href=\"https://yandex.ru/maps/9/lipetsk/category/pet_shop/184107222/?utm_medium=mapframe&utm_source=maps\" style=\"color:#eee;font-size:12px;position:absolute;top:28px;\">Зоомагазин в Липецке</a><iframe src=\"https://yandex.ru/map-widget/v1/?ll=39.577377%2C52.603700&mode=search&oid=243421330618&ol=biz&source=serp_navig&z=19.66\" width=\"500\" height=\"460\" frameborder=\"1\" allowfullscreen=\"true\" style=\"position:relative;\"></iframe></div>", "phone_number": "+7 (4742) 56-56-23", "cite": null}}, {"model": "clinics_app.clinic", "pk": 7, "fields": {"name_clinic": "Левобережная участковая ветеринарная лечебница", "logo": "logos/logo_leboberezhya_DmpjrB8_qgP6OTD_oH4zDVz_L7S9s7r.jpg", "city": "Липецк", "adress": "Лесная ул., 2", "map_link": "<div style=\"position:relative;overflow:hidden;\"><a href=\"https://yandex.ru/maps/org/levoberezhnaya_uchastkovaya_veterinarnaya_lechebnitsa/1034177583/?utm_medium=mapframe&utm_source=maps\" style=\"color:#eee;font-size:12px;position:absolute;top:0px;\">Левобережная участковая ветеринарная лечебница</a><a href=\"https://yandex.ru/maps/9/lipetsk/category/veterinary_clinic/184107216/?utm_medium=mapframe&utm_source=maps\" style=\"color:#eee;font-size:12px;position:absolute;top:14px;\">Ветеринарная клиника в Липецке</a><a href=\"https://yandex.ru/maps/9/lipetsk/category/veterinary_pharmacy/184107214/?utm_medium=mapframe&utm_source=maps\" style=\"color:#eee;font-size:12px;position:absolute;top:28px;\">Ветеринарная аптека в Липецке</a><iframe src=\"https://yandex.ru/map-widget/v1/?ll=39.598577%2C52.570664&mode=search&oid=1034177583&ol=biz&source=serp_navig&z=18.66\" width=\"500\" height=\"460\" frameborder=\"1\" allowfullscreen=\"true\" style=\"position:relative;\"></iframe></div>", "phone_number": "+7 (4742) 55-81-00", "cite": "https://горвет48.рф/"}}, {"model": "clinics_app.clinic", "pk": 8, "fields": {"name_clinic": "Правобережная участковая ветеринарная лечебница", "logo": "logos/logo_leboberezhya_DmpjrB8_qgP6OTD_oH4zDVz_L7S9s7r_HmEI1wZ.jpg", "city": "Липецк", "adress": "ул. Пожарского, 8", "map_link": "<div style=\"position:relative;overflow:hidden;\"><a href=\"https://yandex.ru/maps/org/pravoberezhnaya_uchastkovaya_veterinarnaya_lechebnitsa/1120053764/?utm_medium=mapframe&utm_source=maps\" style=\"color:#eee;font-size:12px;position:absolute;top:0px;\">Правобережная участковая ветеринарная лечебница</a><a href=\"https://yandex.ru/maps/9/lipetsk/category/veterinary_clinic/184107216/?utm_medium=mapframe&utm_source=maps\" style=\"color:#eee;font-size:12px;position:absolute;top:14px;\">Ветеринарная клиника в Липецке</a><a href=\"https://yandex.ru/maps/9/lipetsk/category/veterinary_pharmacy/184107214/?utm_medium=mapframe&utm_source=maps\" style=\"color:#eee;font-size:12px;position:absolute;top:28px;\">Ветеринарная аптека в Липецке</a><iframe src=\"https://yandex.ru/map-widget/v1/?ll=39.666002%2C52.635291&mode=search&oid=1120053764&ol=biz&source=serp_navig&z=18.66\" width=\"500\" height=\"460\" frameborder=\"1\" allowfullscreen=\"true\" style=\"position:relative;\"></iframe></div>", "phone_number": "+7 (4742) 48-20-00", "cite": "https://горвет48.рф/"}}, {"model": "clinics_app.clinic", "pk": 9, "fields": {"name_clinic": "Чеширский Кот", "logo": "logos/logo_chezherskii_kot_iZHMuHQ_dFnN5GP.jpg", "city": "Липецк", "adress": "ул. Фрунзе, 15", "map_link": "<div style=\"position:relative;overflow:hidden;\"><a href=\"https://yandex.ru/maps/org/cheshirskiy_kot/25196381417/?utm_medium=mapframe&utm_source=maps\" style=\"color:#eee;font-size:12px;position:absolute;top:0px;\">Чеширский Кот</a><a href=\"https://yandex.ru/maps/9/lipetsk/category/veterinary_clinic/184107216/?utm_medium=mapframe&utm_source=maps\" style=\"color:#eee;font-size:12px;position:absolute;top:14px;\">Ветеринарная клиника в Липецке</a><a href=\"https://yandex.ru/maps/9/lipetsk/category/veterinary_laboratory/13885210461/?utm_medium=mapframe&utm_source=maps\" style=\"color:#eee;font-size:12px;position:absolute;top:28px;\">Ветеринарная лаборатория в Липецке</a><iframe src=\"https://yandex.ru/map-widget/v1/?ll=39.594354%2C52.600610&mode=search&oid=25196381417&ol=biz&source=serp_navig&z=18.66\" width=\"500\" height=\"460\" frameborder=\"1\" allowfullscreen=\"true\" style=\"position:relative;\"></iframe></div>", "phone_number": "+7 (915) 851-90-00", "cite": "https://vk.link/cheshirskiikot48"}}, {"model": "clinics_app.clinic", "pk": 10, "fields": {"name_clinic": "Абсолют", "logo": "logos/absoljut-logotip-dlja-sajta_8Z61RTw_ojFqxX1.png", "city": "Липецк", "adress": "ул. И.В. Свиридова, 24/1", "map_link": "<div style=\"position:relative;overflow:hidden;\"><a href=\"https://yandex.ru/maps/org/absolyut/85362064192/?utm_medium=mapframe&utm_source=maps\" style=\"color:#eee;font-size:12px;position:absolute;top:0px;\">Абсолют</a><a href=\"https://yandex.ru/maps/9/lipetsk/category/veterinary_clinic/184107216/?utm_medium=mapframe&utm_source=maps\" style=\"color:#eee;font-size:12px;position:absolute;top:14px;\">Ветеринарная клиника в Липецке</a><a href=\"https://yandex.ru/maps/9/lipetsk/category/veterinary_pharmacy/184107214/?utm_medium=mapframe&utm_source=maps\" style=\"color:#eee;font-size:12px;position:absolute;top:28px;\">Ветеринарная аптека в Липецке</a><iframe src=\"https://yandex.ru/map-widget/v1/?ll=39.519906%2C52.576438&mode=search&oid=85362064192&ol=biz&source=serp_navig&z=18.66\" width=\"500\" height=\"460\" frameborder=\"1\" allowfullscreen=\"true\" style=\"position:relative;\"></iframe></div>", "phone_number": "+7 (4742) 37-95-48", "cite": "https://absolut48.ru/"}}, {"model": "clinics_app.clinic", "pk": 11, "fields": {"name_clinic": "Айболит", "logo": "logos/default_img_jViIi0H_4nC4mOt_eJkC0Y8_vc2uWoY_gSuRAgt_7mg0j9B.jpg", "city": "Липецк", "adress": "ул. имени Генерала Меркулова, 10", "map_link": "<div style=\"position:relative;overflow:hidden;\"><a href=\"https://yandex.ru/maps/org/aybolit/1013482189/?utm_medium=mapframe&utm_source=maps\" style=\"color:#eee;font-size:12px;position:absolute;top:0px;\">Айболит</a><a href=\"https://yandex.ru/maps/9/lipetsk/category/veterinary_clinic/184107216/?utm_medium=mapframe&utm_source=maps\" style=\"color:#eee;font-size:12px;position:absolute;top:14px;\">Ветеринарная клиника в Липецке</a><iframe src=\"https://yandex.ru/map-widget/v1/?ll=39.544043%2C52.589820&mode=search&oid=1013482189&ol=biz&source=serp_navig&z=18.66\" width=\"500\" height=\"460\" frameborder=\"1\" allowfullscreen=\"true\" style=\"position:relative;\"></iframe></div>", "phone_number": "+7 (4742) 37-61-09", "cite": null}}, {"model": "clinics_app.clinic", "pk": 12, "fields": {"name_clinic": "Питомец", "logo": "logos/default_img_jViIi0H_4nC4mOt_eJkC0Y8_vc2uWoY_gSuRAgt_YR3bOoA.jpg", "city": "Липецк", "adress": "ул. П.И. Смородина, 1А", "map_link": "<div style=\"position:relative;overflow:hidden;\"><a href=\"https://yandex.ru/maps/org/pitomets/1042478267/?utm_medium=mapframe&utm_source=maps\" style=\"color:#eee;font-size:12px;position:absolute;top:0px;\">Питомец</a><a href=\"https://yandex.ru/maps/9/lipetsk/category/veterinary_clinic/184107216/?utm_medium=mapframe&utm_source=maps\" style=\"color:#eee;font-size:12px;position:absolute;top:14px;\">Ветеринарная клиника в Липецке</a><iframe src=\"https://yandex.ru/map-widget/v1/?ll=39.540177%2C52.592337&mode=search&oid=1042478267&ol=biz&source=serp_navig&z=18.66\" width=\"500\" height=\"460\" frameborder=\"1\" allowfullscreen=\"true\" style=\"position:relative;\"></iframe></div>", "phone_number": "+7 (4742) 71-59-17", "cite": null}}, {"model": "clinics_app.clinic", "pk": 13, "fields": {"name_clinic": "Станция по борьбе с болезнями животных", "logo": "logos/logo_leboberezhya_DmpjrB8_qgP6OTD_oH4zDVz_Vi2epCh.jpg", "city": "Липецк", "adress": "ул. Ударников, 36, микрорайон Сырский Рудник", "map_link": "<div style=\"position:relative;overflow:hidden;\"><a href=\"https://yandex.ru/maps/org/stantsiya_po_borbe_s_boleznyami_zhivotnykh/1043361430/?utm_medium=mapframe&utm_source=maps\" style=\"color:#eee;font-size:12px;position:absolute;top:0px;\">Станция по борьбе с болезнями животных</a><a href=\"https://yandex.ru/maps/9/lipetsk/category/veterinary_clinic/184107216/?utm_medium=mapframe&utm_source=maps\" style=\"color:#eee;font-size:12px;position:absolute;top:14px;\">Ветеринарная клиника в Липецке</a><iframe src=\"https://yandex.ru/map-widget/v1/?ll=39.488301%2C52.571762&mode=search&oid=1043361430&ol=biz&sctx=ZAAAAAgBEAAaKAoSCfiNrz2zzENAEUuTUtDtTUpAEhIJhh3GpL%2BX2z8RhUAuceSBzD8iBgABAgMEBSgKOABA1fwMSAFqAnJ1nQHNzMw9oAEAqAEAvQG3se%2BywgEFlt3B8QOCApcB0KHRgtCw0L3RhtC40Y8g0L%2FQviDQsdC%2B0YDRjNCx0LUg0YEg0LHQvtC70LXQt9C90Y%2FQvNC4INC20LjQstC%2B0YLQvdGL0YUg0YPQuy4g0KPQtNCw0YDQvdC40LrQvtCyLCAzNiwg0LzQuNC60YDQvtGA0LDQudC%2B0L0g0KHRi9GA0YHQutC40Lkg0KDRg9C00L3QuNC6XIoCAJICBjIxMjU2NZoCDGRlc2t0b3AtbWFwcw%3D%3D&sll=39.488301%2C52.571762&source=serp_navig&sspn=0.005643%2C0.002053&text=%D0%A1%D1%82%D0%B0%D0%BD%D1%86%D0%B8%D1%8F%20%D0%BF%D0%BE%20%D0%B1%D0%BE%D1%80%D1%8C%D0%B1%D0%B5%20%D1%81%20%D0%B1%D0%BE%D0%BB%D0%B5%D0%B7%D0%BD%D1%8F%D0%BC%D0%B8%20%D0%B6%D0%B8%D0%B2%D0%BE%D1%82%D0%BD%D1%8B%D1%85%20%D1%83%D0%BB.%20%D0%A3%D0%B4%D0%B0%D1%80%D0%BD%D0%B8%D0%BA%D0%BE%D0%B2%2C%2036%2C%20%D0%BC%D0%B8%D0%BA%D1%80%D0%BE%D1%80%D0%B0%D0%B9%D0%BE%D0%BD%20%D0%A1%D1%8B%D1%80%D1%81%D0%BA%D0%B8%D0%B9%20%D0%A0%D1%83%D0%B4%D0%BD%D0%B8%D0%BA%5C&z=18\" width=\"500\" height=\"460\" frameborder=\"1\" allowfullscreen=\"true\" style=\"position:relative;\"></iframe></div>", "phone_number": "+7 (4742) 40-06-42", "cite": "https://горвет48.рф/"}}, {"model": "clinics_app.clinic", "pk": 14, "fields": {"name_clinic": "Ветеринарная аптека", "logo": "logos/logo_vet_apteka_jMBkTuc_KcAhPGX.jpg", "city": "Липецк", "adress": "ул. С.С. Бехтеева, 10", "map_link": "<div style=\"position:relative;overflow:hidden;\"><a href=\"https://yandex.ru/maps/org/veterinarnaya_apteka/143420578255/?utm_medium=mapframe&utm_source=maps\" style=\"color:#eee;font-size:12px;position:absolute;top:0px;\">Ветеринарная аптека</a><a href=\"https://yandex.ru/maps/9/lipetsk/category/veterinary_pharmacy/184107214/?utm_medium=mapframe&utm_source=maps\" style=\"color:#eee;font-size:12px;position:absolute;top:14px;\">Ветеринарная аптека в Липецке</a><a href=\"https://yandex.ru/maps/9/lipetsk/category/veterinary_clinic/184107216/?utm_medium=mapframe&utm_source=maps\" style=\"color:#eee;font-size:12px;position:absolute;top:28px;\">Ветеринарная клиника в Липецке</a><iframe src=\"https://yandex.ru/map-widget/v1/?ll=39.509796%2C52.606554&mode=search&oid=143420578255&ol=biz&sctx=ZAAAAAgCEAAaKAoSCfiNrz2zzENAEUuTUtDtTUpAEhIJhh3GpL%2BX2z8RhUAuceSBzD8iBgABAgMEBSgKOABA5J8NSAFqAnJ1nQHNzMw9oAEAqAEAvQG3se%2ByggKXAdCh0YLQsNC90YbQuNGPINC%2F0L4g0LHQvtGA0YzQsdC1INGBINCx0L7Qu9C10LfQvdGP0LzQuCDQttC40LLQvtGC0L3Ri9GFINGD0LsuINCj0LTQsNGA0L3QuNC60L7QsiwgMzYsINC80LjQutGA0L7RgNCw0LnQvtC9INCh0YvRgNGB0LrQuNC5INCg0YPQtNC90LjQulyKAgCSAgYyMTI1NjWaAgxkZXNrdG9wLW1hcHM%3D&sll=39.509796%2C52.606554&source=serp_navig&sspn=0.003572%2C0.001298&text=%D0%A1%D1%82%D0%B0%D0%BD%D1%86%D0%B8%D1%8F%20%D0%BF%D0%BE%20%D0%B1%D0%BE%D1%80%D1%8C%D0%B1%D0%B5%20%D1%81%20%D0%B1%D0%BE%D0%BB%D0%B5%D0%B7%D0%BD%D1%8F%D0%BC%D0%B8%20%D0%B6%D0%B8%D0%B2%D0%BE%D1%82%D0%BD%D1%8B%D1%85%20%D1%83%D0%BB.%20%D0%A3%D0%B4%D0%B0%D1%80%D0%BD%D0%B8%D0%BA%D0%BE%D0%B2%2C%2036%2C%20%D0%BC%D0%B8%D0%BA%D1%80%D0%BE%D1%80%D0%B0%D0%B9%D0%BE%D0%BD%20%D0%A1%D1%8B%D1%80%D1%81%D0%BA%D0%B8%D0%B9%20%D0%A0%D1%83%D0%B4%D0%BD%D0%B8%D0%BA%5C&z=18.66\" width=\"500\" height=\"460\" frameborder=\"1\" allowfullscreen=\"true\" style=\"position:relative;\"></iframe></div>", "phone_number": "+7 (920) 530-91-85", "cite": null}}, {"model": "clinics_app.clinic", "pk": 15, "fields": {"name_clinic": "Липецкая городская станция по борьбе с болезнями животных", "logo": "logos/logo_leboberezhya_DmpjrB8_qgP6OTD_oH4zDVz_L7S9s7r_HmEI1wZ_DAy3tsj.jpg", "city": "Липецк", "adress": "пер. Балакирева, 2", "map_link": "<div style=\"position:relative;overflow:hidden;\"><a href=\"https://yandex.ru/maps/org/lipetskaya_gorodskaya_stantsiya_po_borbe_s_boleznyami_zhivotnykh/1076822346/?utm_medium=mapframe&utm_source=maps\" style=\"color:#eee;font-size:12px;position:absolute;top:0px;\">Липецкая городская станция по борьбе с болезнями животных</a><a href=\"https://yandex.ru/maps/9/lipetsk/category/veterinary_clinic/184107216/?utm_medium=mapframe&utm_source=maps\" style=\"color:#eee;font-size:12px;position:absolute;top:14px;\">Ветеринарная клиника в Липецке</a><a href=\"https://yandex.ru/maps/9/lipetsk/category/veterinary_laboratory/13885210461/?utm_medium=mapframe&utm_source=maps\" style=\"color:#eee;font-size:12px;position:absolute;top:28px;\">Ветеринарная лаборатория в Липецке</a><iframe src=\"https://yandex.ru/map-widget/v1/?ll=39.566159%2C52.598564&mode=search&oid=1076822346&ol=biz&sctx=ZAAAAAgCEAAaKAoSCfiNrz2zzENAEUuTUtDtTUpAEhIJhh3GpL%2BX2z8RhUAuceSBzD8iBgABAgMEBSgKOABA4p8NSAFqAnJ1nQHNzMw9oAEAqAEAvQG3se%2ByggKXAdCh0YLQsNC90YbQuNGPINC%2F0L4g0LHQvtGA0YzQsdC1INGBINCx0L7Qu9C10LfQvdGP0LzQuCDQttC40LLQvtGC0L3Ri9GFINGD0LsuINCj0LTQsNGA0L3QuNC60L7QsiwgMzYsINC80LjQutGA0L7RgNCw0LnQvtC9INCh0YvRgNGB0LrQuNC5INCg0YPQtNC90LjQulyKAgCSAgYyMTI1NjWaAgxkZXNrdG9wLW1hcHM%3D&sll=39.566159%2C52.598564&source=serp_navig&sspn=0.007143%2C0.002596&text=%D0%A1%D1%82%D0%B0%D0%BD%D1%86%D0%B8%D1%8F%20%D0%BF%D0%BE%20%D0%B1%D0%BE%D1%80%D1%8C%D0%B1%D0%B5%20%D1%81%20%D0%B1%D0%BE%D0%BB%D0%B5%D0%B7%D0%BD%D1%8F%D0%BC%D0%B8%20%D0%B6%D0%B8%D0%B2%D0%BE%D1%82%D0%BD%D1%8B%D1%85%20%D1%83%D0%BB.%20%D0%A3%D0%B4%D0%B0%D1%80%D0%BD%D0%B8%D0%BA%D0%BE%D0%B2%2C%2036%2C%20%D0%BC%D0%B8%D0%BA%D1%80%D0%BE%D1%80%D0%B0%D0%B9%D0%BE%D0%BD%20%D0%A1%D1%8B%D1%80%D1%81%D0%BA%D0%B8%D0%B9%20%D0%A0%D1%83%D0%B4%D0%BD%D0%B8%D0%BA%5C&z=17.66\" width=\"500\" height=\"460\" frameborder=\"1\" allowfullscreen=\"true\" style=\"position:relative;\"></iframe></div>", "phone_number": "+7 (4742) 78-17-69", "cite": "https://горвет48.рф/"}}, {"model": "clinics_app.clinic", "pk": 16, "fields": {"name_clinic": "Агроветсервис", "logo": "logos/default_img_jViIi0H_4nC4mOt_eJkC0Y8_vc2uWoY_gSuRAgt_7mg0j9B_tjfE0a1.jpg", "city": "Липецк", "adress": "Ферросплавная ул., 10, офис 5, этаж 1", "map_link": "<div style=\"position:relative;overflow:hidden;\"><a href=\"https://yandex.ru/maps/org/agrovetservis/1779187140/?utm_medium=mapframe&utm_source=maps\" style=\"color:#eee;font-size:12px;position:absolute;top:0px;\">Агроветсервис</a><a href=\"https://yandex.ru/maps/9/lipetsk/category/veterinary_pharmacy/184107214/?utm_medium=mapframe&utm_source=maps\" style=\"color:#eee;font-size:12px;position:absolute;top:14px;\">Ветеринарная аптека в Липецке</a><iframe src=\"https://yandex.ru/map-widget/v1/?ll=39.626562%2C52.574721&mode=search&oid=1779187140&ol=biz&sctx=ZAAAAAgCEAAaKAoSCfiNrz2zzENAEUuTUtDtTUpAEhIJhh3GpL%2BX2z8RhUAuceSBzD8iBgABAgMEBSgKOABA4Z8NSAFqAnJ1nQHNzMw9oAEAqAEAvQG3se%2ByggKXAdCh0YLQsNC90YbQuNGPINC%2F0L4g0LHQvtGA0YzQsdC1INGBINCx0L7Qu9C10LfQvdGP0LzQuCDQttC40LLQvtGC0L3Ri9GFINGD0LsuINCj0LTQsNGA0L3QuNC60L7QsiwgMzYsINC80LjQutGA0L7RgNCw0LnQvtC9INCh0YvRgNGB0LrQuNC5INCg0YPQtNC90LjQulyKAgCSAgYyMTI1NjWaAgxkZXNrdG9wLW1hcHM%3D&sll=39.626562%2C52.574721&source=serp_navig&sspn=0.001786%2C0.000649&text=%D0%A1%D1%82%D0%B0%D0%BD%D1%86%D0%B8%D1%8F%20%D0%BF%D0%BE%20%D0%B1%D0%BE%D1%80%D1%8C%D0%B1%D0%B5%20%D1%81%20%D0%B1%D0%BE%D0%BB%D0%B5%D0%B7%D0%BD%D1%8F%D0%BC%D0%B8%20%D0%B6%D0%B8%D0%B2%D0%BE%D1%82%D0%BD%D1%8B%D1%85%20%D1%83%D0%BB.%20%D0%A3%D0%B4%D0%B0%D1%80%D0%BD%D0%B8%D0%BA%D0%BE%D0%B2%2C%2036%2C%20%D0%BC%D0%B8%D0%BA%D1%80%D0%BE%D1%80%D0%B0%D0%B9%D0%BE%D0%BD%20%D0%A1%D1%8B%D1%80%D1%81%D0%BA%D0%B8%D0%B9%20%D0%A0%D1%83%D0%B4%D0%BD%D0%B8%D0%BA%5C&z=19.66\" width=\"500\" height=\"460\" frameborder=\"1\" allowfullscreen=\"true\" style=\"position:relative;\"></iframe></div>", "phone_number": "+7 (4742) 43-06-97", "cite": null}}, {"model": "clinics_app.clinic", "pk": 17, "fields": {"name_clinic": "Ветеринарная клиника доктора Волкова", "logo": "logos/default_img_jViIi0H_4nC4mOt_eJkC0Y8_vc2uWoY_gSuRAgt_YR3bOoA_eysv5Rk.jpg", "city": "Липецк", "adress": "ул. Катукова, 27А", "map_link": "<div style=\"position:relative;overflow:hidden;\"><a href=\"https://yandex.ru/maps/org/veterinarnaya_klinika_doktora_volkova/1096516025/?utm_medium=mapframe&utm_source=maps\" style=\"color:#eee;font-size:12px;position:absolute;top:0px;\">Ветеринарная клиника доктора Волкова</a><a href=\"https://yandex.ru/maps/9/lipetsk/category/veterinary_clinic/184107216/?utm_medium=mapframe&utm_source=maps\" style=\"color:#eee;font-size:12px;position:absolute;top:14px;\">Ветеринарная клиника в Липецке</a><iframe src=\"https://yandex.ru/map-widget/v1/?ll=39.516928%2C52.587253&mode=search&oid=1096516025&ol=biz&sctx=ZAAAAAgCEAAaKAoSCfiNrz2zzENAEUuTUtDtTUpAEhIJhh3GpL%2BX2z8RhUAuceSBzD8iBgABAgMEBSgKOABA4p8NSAFqAnJ1nQHNzMw9oAEAqAEAvQG3se%2ByggKXAdCh0YLQsNC90YbQuNGPINC%2F0L4g0LHQvtGA0YzQsdC1INGBINCx0L7Qu9C10LfQvdGP0LzQuCDQttC40LLQvtGC0L3Ri9GFINGD0LsuINCj0LTQsNGA0L3QuNC60L7QsiwgMzYsINC80LjQutGA0L7RgNCw0LnQvtC9INCh0YvRgNGB0LrQuNC5INCg0YPQtNC90LjQulyKAgCSAgYyMTI1NjWaAgxkZXNrdG9wLW1hcHM%3D&sll=39.516928%2C52.587253&source=serp_navig&sspn=0.003572%2C0.001299&text=%D0%A1%D1%82%D0%B0%D0%BD%D1%86%D0%B8%D1%8F%20%D0%BF%D0%BE%20%D0%B1%D0%BE%D1%80%D1%8C%D0%B1%D0%B5%20%D1%81%20%D0%B1%D0%BE%D0%BB%D0%B5%D0%B7%D0%BD%D1%8F%D0%BC%D0%B8%20%D0%B6%D0%B8%D0%B2%D0%BE%D1%82%D0%BD%D1%8B%D1%85%20%D1%83%D0%BB.%20%D0%A3%D0%B4%D0%B0%D1%80%D0%BD%D0%B8%D0%BA%D0%BE%D0%B2%2C%2036%2C%20%D0%BC%D0%B8%D0%BA%D1%80%D0%BE%D1%80%D0%B0%D0%B9%D0%BE%D0%BD%20%D0%A1%D1%8B%D1%80%D1%81%D0%BA%D0%B8%D0%B9%20%D0%A0%D1%83%D0%B4%D0%BD%D0%B8%D0%BA%5C&z=18.66\" width=\"500\" height=\"460\" frameborder=\"1\" allowfullscreen=\"true\" style=\"position:relative;\"></iframe></div>", "phone_number": "+7 (4742) 47-33-44", "cite": null}}, {"model": "clinics_app.clinic", "pk": 18, "fields": {"name_clinic": "ТД Агрофарм", "logo": "logos/default_img_jViIi0H_4nC4mOt_eJkC0Y8_vc2uWoY_gSuRAgt_YR3bOoA_nUqmIom.jpg", "city": "Липецк", "adress": "ул. Гагарина, 60", "map_link": "<div style=\"position:relative;overflow:hidden;\"><a href=\"https://yandex.ru/maps/org/td_agrofarm/1058410173/?utm_medium=mapframe&utm_source=maps\" style=\"color:#eee;font-size:12px;position:absolute;top:0px;\">ТД Агрофарм</a><a href=\"https://yandex.ru/maps/9/lipetsk/category/veterinary_clinic/184107216/?utm_medium=mapframe&utm_source=maps\" style=\"color:#eee;font-size:12px;position:absolute;top:14px;\">Ветеринарная клиника в Липецке</a><iframe src=\"https://yandex.ru/map-widget/v1/?ll=39.600756%2C52.617724&mode=search&oid=1058410173&ol=biz&sctx=ZAAAAAgCEAAaKAoSCfiNrz2zzENAEUuTUtDtTUpAEhIJhh3GpL%2BX2z8RhUAuceSBzD8iBgABAgMEBSgKOABA458NSAFqAnJ1nQHNzMw9oAEAqAEAvQG3se%2ByggKXAdCh0YLQsNC90YbQuNGPINC%2F0L4g0LHQvtGA0YzQsdC1INGBINCx0L7Qu9C10LfQvdGP0LzQuCDQttC40LLQvtGC0L3Ri9GFINGD0LsuINCj0LTQsNGA0L3QuNC60L7QsiwgMzYsINC80LjQutGA0L7RgNCw0LnQvtC9INCh0YvRgNGB0LrQuNC5INCg0YPQtNC90LjQulyKAgCSAgYyMTI1NjWaAgxkZXNrdG9wLW1hcHM%3D&sll=39.600756%2C52.617724&source=serp_navig&sspn=0.002745%2C0.000997&text=%D0%A1%D1%82%D0%B0%D0%BD%D1%86%D0%B8%D1%8F%20%D0%BF%D0%BE%20%D0%B1%D0%BE%D1%80%D1%8C%D0%B1%D0%B5%20%D1%81%20%D0%B1%D0%BE%D0%BB%D0%B5%D0%B7%D0%BD%D1%8F%D0%BC%D0%B8%20%D0%B6%D0%B8%D0%B2%D0%BE%D1%82%D0%BD%D1%8B%D1%85%20%D1%83%D0%BB.%20%D0%A3%D0%B4%D0%B0%D1%80%D0%BD%D0%B8%D0%BA%D0%BE%D0%B2%2C%2036%2C%20%D0%BC%D0%B8%D0%BA%D1%80%D0%BE%D1%80%D0%B0%D0%B9%D0%BE%D0%BD%20%D0%A1%D1%8B%D1%80%D1%81%D0%BA%D0%B8%D0%B9%20%D0%A0%D1%83%D0%B4%D0%BD%D0%B8%D0%BA%5C&z=19.04\" width=\"500\" height=\"460\" frameborder=\"1\" allowfullscreen=\"true\" style=\"position:relative;\"></iframe></div>", "phone_number": "-", "cite": null}}, {"model": "clinics_app.clinic", "pk": 19, "fields": {"name_clinic": "Лапка", "logo": "logos/logo_lapka_kJfD9wL_RdKUXpi.png", "city": "Липецк", "adress": "ул. Катукова, 30А, Район Октябрьский округ", "map_link": "<div style=\"position:relative;overflow:hidden;\"><a href=\"https://yandex.ru/maps/org/lapka/35929827357/?utm_medium=mapframe&utm_source=maps\" style=\"color:#eee;font-size:12px;position:absolute;top:0px;\">Лапка</a><a href=\"https://yandex.ru/maps/9/lipetsk/category/veterinary_clinic/184107216/?utm_medium=mapframe&utm_source=maps\" style=\"color:#eee;font-size:12px;position:absolute;top:14px;\">Ветеринарная клиника в Липецке</a><a href=\"https://yandex.ru/maps/9/lipetsk/category/veterinary_laboratory/13885210461/?utm_medium=mapframe&utm_source=maps\" style=\"color:#eee;font-size:12px;position:absolute;top:28px;\">Ветеринарная лаборатория в Липецке</a><iframe src=\"https://yandex.ru/map-widget/v1/?ll=39.517465%2C52.588236&mode=search&oid=35929827357&ol=biz&source=serp_navig&z=18.66\" width=\"500\" height=\"460\" frameborder=\"1\" allowfullscreen=\"true\" style=\"position:relative;\"></iframe></div>", "phone_number": "+7 (910) 250-94-62", "cite": "https://lapka-vet.ru/?utm_source=yandex_maps"}}, {"model": "clinics_app.clinic", "pk": 20, "fields": {"name_clinic": "Зооветцентр", "logo": "logos/buz15SeOw_g_2WsytYz_q7ntArG.jpg", "city": "Липецк", "adress": "ул. Катукова, 27А", "map_link": "<div style=\"position:relative;overflow:hidden;\"><a href=\"https://yandex.ru/maps/org/zoovettsentr/199066129810/?utm_medium=mapframe&utm_source=maps\" style=\"color:#eee;font-size:12px;position:absolute;top:0px;\">Зооветцентр</a><a href=\"https://yandex.ru/maps/9/lipetsk/category/veterinary_clinic/184107216/?utm_medium=mapframe&utm_source=maps\" style=\"color:#eee;font-size:12px;position:absolute;top:14px;\">Ветеринарная клиника в Липецке</a><a href=\"https://yandex.ru/maps/9/lipetsk/category/veterinary_laboratory/13885210461/?utm_medium=mapframe&utm_source=maps\" style=\"color:#eee;font-size:12px;position:absolute;top:28px;\">Ветеринарная лаборатория в Липецке</a><iframe src=\"https://yandex.ru/map-widget/v1/?ll=39.516209%2C52.587808&mode=search&oid=199066129810&ol=biz&source=serp_navig&z=18.66\" width=\"500\" height=\"460\" frameborder=\"1\" allowfullscreen=\"true\" style=\"position:relative;\"></iframe></div>", "phone_number": "+7 (4742) 55-98-66", "cite": null}}, {"model": "clinics_app.clinic", "pk": 21, "fields": {"name_clinic": "Такса", "logo": "logos/gNYEsKPNodc_UMfi6Yg_ihzLcy3.jpg", "city": "Липецк", "adress": "ул. Циолковского, 18А, помещение 4", "map_link": "<div style=\"position:relative;overflow:hidden;\"><a href=\"https://yandex.ru/maps/org/taksa/198839333549/?utm_medium=mapframe&utm_source=maps\" style=\"color:#eee;font-size:12px;position:absolute;top:0px;\">Такса</a><a href=\"https://yandex.ru/maps/9/lipetsk/category/veterinary_clinic/184107216/?utm_medium=mapframe&utm_source=maps\" style=\"color:#eee;font-size:12px;position:absolute;top:14px;\">Ветеринарная клиника в Липецке</a><a href=\"https://yandex.ru/maps/9/lipetsk/category/veterinary_laboratory/13885210461/?utm_medium=mapframe&utm_source=maps\" style=\"color:#eee;font-size:12px;position:absolute;top:28px;\">Ветеринарная лаборатория в Липецке</a><iframe src=\"https://yandex.ru/map-widget/v1/?ll=39.558930%2C52.610281&mode=search&oid=198839333549&ol=biz&sctx=ZAAAAAgBEAAaKAoSCVBz8iITwkNAEeEp5Eo9S0pAEhIJ007N5QZDbT8RGckeoWZIVT8iBgABAgMEBSgKOABA5J8NSAFqAnJ1nQHNzMw9oAEAqAEAvQFVWekowgEGreX93eQFggIK0YLQsNC60YHQsIoCAJICAJoCDGRlc2t0b3AtbWFwcw%3D%3D&sll=39.558930%2C52.610281&source=serp_navig&sspn=0.003572%2C0.001298&text=%D1%82%D0%B0%D0%BA%D1%81%D0%B0&z=18.66\" width=\"500\" height=\"460\" frameborder=\"1\" allowfullscreen=\"true\" style=\"position:relative;\"></iframe></div>", "phone_number": "+7 (4742) 34-02-82", "cite": "https://taksa48.ru/"}}, {"model": "clinics_app.clinic", "pk": 22, "fields": {"name_clinic": "Альтаир", "logo": "logos/ArGfnT3qUs0_fV8PLsc.jpg", "city": "Липецк", "adress": "Московская ул., 30А, этаж 2", "map_link": "<div style=\"position:relative;overflow:hidden;\"><a href=\"https://yandex.ru/maps/org/altair/168768300708/?utm_medium=mapframe&utm_source=maps\" style=\"color:#eee;font-size:12px;position:absolute;top:0px;\">Альтаир</a><a href=\"https://yandex.ru/maps/9/lipetsk/category/veterinary_clinic/184107216/?utm_medium=mapframe&utm_source=maps\" style=\"color:#eee;font-size:12px;position:absolute;top:14px;\">Ветеринарная клиника в Липецке</a><a href=\"https://yandex.ru/maps/9/lipetsk/category/veterinary_laboratory/13885210461/?utm_medium=mapframe&utm_source=maps\" style=\"color:#eee;font-size:12px;position:absolute;top:28px;\">Ветеринарная лаборатория в Липецке</a><iframe src=\"https://yandex.ru/map-widget/v1/?ll=39.505962%2C52.599050&mode=search&oid=168768300708&ol=biz&sctx=ZAAAAAgBEAAaKAoSCVBz8iITwkNAEeEp5Eo9S0pAEhIJ007N5QZDbT8RGckeoWZIVT8iBgABAgMEBSgKOABA5J8NSAFqAnJ1nQHNzMw9oAEAqAEAvQFVWekoggIK0YLQsNC60YHQsIoCAJICAJoCDGRlc2t0b3AtbWFwcw%3D%3D&sll=39.505962%2C52.599050&source=serp_navig&sspn=0.003572%2C0.001298&text=%D1%82%D0%B0%D0%BA%D1%81%D0%B0&z=18.66\" width=\"500\" height=\"460\" frameborder=\"1\" allowfullscreen=\"true\" style=\"position:relative;\"></iframe></div>", "phone_number": "+7 (910) 251-17-81", "cite": "http://altair-vet.ru/"}}, {"model": "groups_app.group", "pk": 1, "fields": {"name_group": "ВЕЛЕС-Липецкая Команда Помощи Бездомным Животным", "link_vk": "https://vk.com/club13050764", "cite": null}}, {"model": "groups_app.group", "pk": 2, "fields": {"name_group": "***ДОРОГА ДОМОЙ***", "link_vk": "https://vk.com/public56388244", "cite": null}}, {"model": "groups_app.group", "pk": 3, "fields": {"name_group": "Фонд помощи животным «РЭЙ»", "link_vk": "https://vk.com/fundray", "cite": "https://rayfund.ru/"}}, {"model": "groups_app.group", "pk": 4, "fields": {"name_group": "БУ г.Омска \"Муниципальный приют для животных\"", "link_vk": "https://vk.com/mun_priut_omsk", "cite": "https://t.me/by_mun_priut_omsk"}}, {"model": "groups_app.group", "pk": 5, "fields": {"name_group": "ГООЗЖ \"Преданное сердце\" - Бездомные животные", "link_vk": "https://vk.com/predannoeserdce", "cite": "https://predannoeserdce.by/"}}, {"model": "groups_app.group", "pk": 6, "fields": {"name_group": "Помощь бездомным животным ЧЕТЫРЕ ЛАПЫ Липецк", "link_vk": "https://vk.com/4lapi48", "cite": null}}, {"model": "groups_app.group", "pk": 7, "fields": {"name_group": "Фонд \"Рука помощи бездомным животным\"", "link_vk": "https://vk.com/animalspnz_fund58", "cite": "https://www.pitomec58.com/"}}, {"model": "groups_app.group", "pk": 8, "fields": {"name_group": "Фонд помощи бездомным животным \"Ника\"", "link_vk": "https://vk.com/ournika", "cite": "https://fond-nika.ru/"}}, {"model": "groups_app.group", "pk": 9, "fields": {"name_group": "\"Помощь бездомным собакам\" Приют для животных", "link_vk": "https://vk.com/priut_ru", "cite": "https://priut.ru/"}}, {"model": "groups_app.group", "pk": 10, "fields": {"name_group": "\"Преданное сердце\" Помощь животным", "link_vk": "https://vk.com/predannoeserdce.help", "cite": "https://predannoeserdce.ru/"}}, {"model": "groups_app.group", "pk": 11, "fields": {"name_group": "Приют для животных Счастливый берег", "link_vk": "https://vk.com/happy_coast_lp", "cite": null}}, {"model": "groups_app.group", "pk": 12, "fields": {"name_group": "ПРИЮТ ДЛЯ ЖИВОТНЫХ \"ТЕРРИТОРИЯ СПАСЕНИЯ\" Липецк", "link_vk": "https://vk.com/territoriya_spaseniya", "cite": null}}, {"model": "groups_app.group", "pk": 13, "fields": {"name_group": "Шереметьевский Приют-помощь амстаффам и питбулям", "link_vk": "https://vk.com/fondhelpdog", "cite": "http://www.helpdog.ru"}}, {"model": "groups_app.group", "pk": 14, "fields": {"name_group": "Хвостатый дом - приют для животных", "link_vk": "https://vk.com/house_of_tails", "cite": "https://bkind.fund"}}, {"model": "groups_app.group", "pk": 15, "fields": {"name_group": "Приют для животных Наш Дом г.Челябинск", "link_vk": "https://vk.com/nashdom174", "cite": "https://nashdom174.ru/"}}, {"model": "groups_app.group", "pk": 16, "fields": {"name_group": "Приют для животных \"Надежда\" | Самара", "link_vk": "https://vk.com/priut63", "cite": "https://priut63.ru/"}}, {"model": "groups_app.group", "pk": 17, "fields": {"name_group": "Муниципальный приют для животных, город Пермь", "link_vk": "https://vk.com/mpriutperm", "cite": "http://mpriutperm.ru/"}}, {"model": "groups_app.group", "pk": 18, "fields": {"name_group": "Приют для животных «Верность» | Помощь животным", "link_vk": "https://vk.com/vernosttv", "cite": "https://vernost67.ru"}}, {"model": "groups_app.group", "pk": 19, "fields": {"name_group": "Приют «ДРУГ» для бездомных собак в СПб", "link_vk": "https://vk.com/priyut_drugspb", "cite": "http://priyut-drug.ru"}}, {"model": "groups_app.group", "pk": 20, "fields": {"name_group": "Тверской приют для безнадзорных животных", "link_vk": "https://vk.com/priutfloveanimals", "cite": "http://www.floveanimals.ru"}}, {"model": "groups_app.group", "pk": 21, "fields": {"name_group": "Самарский приют для животных \"Твои друзья\"", "link_vk": "https://vk.com/zoopriut63", "cite": "http://zoopriut.ru/"}}, {"model": "groups_app.group", "pk": 22, "fields": {"name_group": "Приют для бездомных кошек \"Новый дом\"| СПб", "link_vk": "https://vk.com/newdomcat", "cite": "http://newdomcat.ru"}}, {"model": "groups_app.group", "pk": 23, "fields": {"name_group": "Приют для бездомных животных г. Первоуральск", "link_vk": "https://vk.com/pervo_priut", "cite": "http://pervo-priut.ru/"}}, {"model": "groups_app.group", "pk": 24, "fields": {"name_group": "НОБФ ПРИЮТ \"Вера-Надежда-Любовь\"", "link_vk": "https://vk.com/priut_pomogi_drugu", "cite": "https://priyut-vnl.ru"}}]